index,joint,joint_position_mean_rad,torque_abs_mean_nm,hard_torque_fraction,standing_hard_torque_fraction,raw_action_excess_fraction,bounded_saturation_fraction
0,leg_left_hip_roll_joint,-0.006075250071851095,0.5352598414617066,6.8359375e-05,0.000109375,0.13084765625,0.131203125
1,leg_left_hip_yaw_joint,0.013351103242989286,1.2802462098490346,0.0010078125,0.0008203125,0.451716796875,0.45259765625
2,leg_left_hip_pitch_joint,-0.34675291673305814,1.182995019526179,0.004568359375,0.003203125,0.22515625,0.2256484375
3,leg_left_knee_pitch_joint,0.8735717992000281,2.5434980720789415,0.483255859375,0.4952890625,0.221509765625,0.221943359375
4,leg_left_ankle_pitch_joint,-0.4472570703999045,2.0814198285218053,0.257908203125,0.221046875,0.043009765625,0.043142578125
5,leg_left_ankle_roll_joint,0.06442365037645756,0.5059897133958853,0.004189453125,0.0031875,0.048765625,0.048943359375
6,leg_right_hip_roll_joint,-0.031196732465797815,0.572330038342197,0.00011328125,0.0003515625,0.166154296875,0.1666171875
7,leg_right_hip_yaw_joint,-0.0542989242246688,0.12554123873964956,0.00062890625,0.000421875,0.4466953125,0.447873046875
8,leg_right_hip_pitch_joint,-0.2853021773740546,0.9907901576580247,0.002169921875,0.0018515625,0.26045703125,0.2610234375
9,leg_right_knee_pitch_joint,0.806675114054815,2.335510284013354,0.227740234375,0.2166875,0.150587890625,0.1509375
10,leg_right_ankle_pitch_joint,-0.44159932728398565,2.831570403108398,0.851529296875,0.87665625,0.052337890625,0.052537109375
11,leg_right_ankle_roll_joint,0.04831957106556241,0.6251149587789769,0.005009765625,0.004703125,0.017578125,0.017630859375
